shapeName,shapeISO,shapeID,shapeGroup,shapeType
BAGH,,9618217B73079690921862,PAK,ADM3
DHEERKOT,,9618217B97675599580596,PAK,ADM3
BARNALA,,9618217B79573260848394,PAK,ADM3
BHIMBER,,9618217B68732265330698,PAK,ADM3
SAMAHNI,,9618217B74772899110096,PAK,ADM3
HATTIAN BALA,,9618217B68754169353282,PAK,ADM3
HAVELI,,9618217B64863264884629,PAK,ADM3
KOTLI,,9618217B93166287325125,PAK,ADM3
NAKIAL,,9618217B15093186041287,PAK,ADM3
SEHNSA,,9618217B87362341551768,PAK,ADM3
DUDYAL,,9618217B37808039502792,PAK,ADM3
MIRPUR,,9618217B94086344698677,PAK,ADM3
MUZAFFARABAD,,9618217B57894485120071,PAK,ADM3
ATHUMQAM,,9618217B55768510626440,PAK,ADM3
ABBASPUR,,9618217B83205974251307,PAK,ADM3
HAJEERA,,9618217B82484311896760,PAK,ADM3
RAWALAKOT,,9618217B87664867246475,PAK,ADM3
PALLANDARI,,9618217B46803973144296,PAK,ADM3
Awaran,,9618217B88045410049707,PAK,ADM3
Gishkore Sub,,9618217B50287416070494,PAK,ADM3
Jhal Jhao,,9618217B51211868721813,PAK,ADM3
Jhal Jhao Sub,,9618217B69007943455910,PAK,ADM3
Mashkai,,9618217B85729493897021,PAK,ADM3
Barkhan,,9618217B63340805873154,PAK,ADM3
Chagai Sub,,9618217B19880164202310,PAK,ADM3
Dalbadin,,9618217B63356701438573,PAK,ADM3
Naukandi,,9618217B66554790075537,PAK,ADM3
Taftan,,9618217B2962159940384,PAK,ADM3
Bekerh,,9618217B34454311696398,PAK,ADM3
Dera Bughti,,9618217B2743598749374,PAK,ADM3
Loti Sub,,9618217B77093701307545,PAK,ADM3
Malum,,9618217B39169315447774,PAK,ADM3
Phelawagh,,9618217B2654928190032,PAK,ADM3
Pir Koh,,9618217B88157141720141,PAK,ADM3
Sangsilla,,9618217B73869134124680,PAK,ADM3
Sui,,9618217B39625992285529,PAK,ADM3
Gwadar,,9618217B73177395836711,PAK,ADM3
Jiwani,,9618217B19586931991950,PAK,ADM3
Ormara,,9618217B66549368810061,PAK,ADM3
Pasni,,9618217B43513523941512,PAK,ADM3
Sunstar Sub,,9618217B87381485340477,PAK,ADM3
Harnai,,9618217B37623205029699,PAK,ADM3
Khost,,9618217B63716992539538,PAK,ADM3
Shahrig,,9618217B40498101001050,PAK,ADM3
Ghandakha,,9618217B10228752646001,PAK,ADM3
Jhat Pat,,9618217B86464903653788,PAK,ADM3
SOHBATPUR,,9618217B40305274039011,PAK,ADM3
Usta Muhammad,,9618217B27708571372610,PAK,ADM3
Gandawa,,9618217B37966221621202,PAK,ADM3
Jhal Magsi,,9618217B12027487695459,PAK,ADM3
Mirpur Sub,,9618217B97304875019952,PAK,ADM3
BHAG,,9618217B70834513221374,PAK,ADM3
Balanari Sub,,9618217B98926737301322,PAK,ADM3
Dhadar,,9618217B75567275115944,PAK,ADM3
Khattan Sub,,9618217B69236188960303,PAK,ADM3
Mach Sub,,9618217B19608108595135,PAK,ADM3
Sanni Sub,,9618217B13634250656790,PAK,ADM3
Gazg,,9618217B17885121566588,PAK,ADM3
Johan,,9618217B91467173275468,PAK,ADM3
Kalat,,9618217B40739671025115,PAK,ADM3
Mango Char,,9618217B5840923689995,PAK,ADM3
Surab,,9618217B81975811571171,PAK,ADM3
Balnigor,,9618217B85681439003421,PAK,ADM3
Buleda,,9618217B70240658771261,PAK,ADM3
Dasht,,9618217B3287750467900,PAK,ADM3
Hoshab,,9618217B56246486806775,PAK,ADM3
Kech,,9618217B58909274091550,PAK,ADM3
Mand,,9618217B99249207678304,PAK,ADM3
Tump,,9618217B61046651400607,PAK,ADM3
Zamuran,,9618217B31776958523982,PAK,ADM3
Kharan,,9618217B32253439361062,PAK,ADM3
Aranji Sub,,9618217B11648805809549,PAK,ADM3
Karkah Sub,,9618217B33490679855375,PAK,ADM3
Khuzdar,,9618217B50718655065252,PAK,ADM3
Moola Sub,,9618217B96635304342084,PAK,ADM3
Nal Sub,,9618217B18272036828673,PAK,ADM3
Ornach Sub,,9618217B12126547852790,PAK,ADM3
Saroona Sub,,9618217B91485765143989,PAK,ADM3
Wadh Sub,,9618217B64812990154889,PAK,ADM3
ZEHRI,,9618217B67299381221995,PAK,ADM3
CHAMAN,,9618217B20502778495945,PAK,ADM3
DOBANDI SUB-,,9618217B72411579101573,PAK,ADM3
GULISTAN,,9618217B91592942596902,PAK,ADM3
KILLA ABDULLAH,,9618217B95880920638679,PAK,ADM3
BADINI,,9618217B47686885177942,PAK,ADM3
KAN MEHTARZAI,,9618217B18879360320447,PAK,ADM3
KILLA SAIFULLAH,,9618217B75776093214178,PAK,ADM3
LOI BAND,,9618217B24347530358386,PAK,ADM3
MUSLIM BAGH,,9618217B20003920903037,PAK,ADM3
SHINKAI,,9618217B21963580528882,PAK,ADM3
GIRSANI SUB,,9618217B37909865693322,PAK,ADM3
KAHAN,,9618217B9408880403437,PAK,ADM3
KOHLU,,9618217B74056988433955,PAK,ADM3
MAWAND,,9618217B95908919699948,PAK,ADM3
BELA,,9618217B38765345980934,PAK,ADM3
DURJI,,9618217B95179806844148,PAK,ADM3
GADDANI,,9618217B86858446563765,PAK,ADM3
HUB,,9618217B12237594519463,PAK,ADM3
KANRAJ,,9618217B39521024943226,PAK,ADM3
LAKHRA,,9618217B70316302358035,PAK,ADM3
LIARI,,9618217B27175149081745,PAK,ADM3
SONMIANI,,9618217B86665675475566,PAK,ADM3
UTHAL,,9618217B76630628026692,PAK,ADM3
Duki,,9618217B54428312139149,PAK,ADM3
Loralai,,9618217B59230505353758,PAK,ADM3
Mekhtar,,9618217B55998475247860,PAK,ADM3
DASHT,,9618217B81095673790392,PAK,ADM3
KHAD KOCHA SUB-,,9618217B21974978317228,PAK,ADM3
KIRDGAP SUB-,,9618217B9263701422890,PAK,ADM3
MASTUNG,,9618217B61021693970064,PAK,ADM3
DRUG SUB,,9618217B62923192711527,PAK,ADM3
KINGRI,,9618217B65198608234722,PAK,ADM3
MUSA KHEL,,9618217B29929623589579,PAK,ADM3
BABA_KOT,,9618217B38525162570146,PAK,ADM3
CHATTAR,,9618217B47994085217502,PAK,ADM3
DERA_MURAD_JAMALI,,9618217B33653411601035,PAK,ADM3
TAMBOO,,9618217B3811193083348,PAK,ADM3
DAK_,,9618217B67348092180466,PAK,ADM3
NUSHKI_,,9618217B76899423597402,PAK,ADM3
GICHK,,9618217B60261397495860,PAK,ADM3
GOWARGO,,9618217B73703267725244,PAK,ADM3
PANJGUR,,9618217B16143636802811,PAK,ADM3
PAROME,,9618217B47925299960583,PAK,ADM3
BARSHORE,,9618217B2205255569081,PAK,ADM3
HURAMZAI,,9618217B42200782607352,PAK,ADM3
KAREZAT,,9618217B76048857518190,PAK,ADM3
PISHIN,,9618217B19963285871914,PAK,ADM3
SARANAN,,9618217B26394123733067,PAK,ADM3
PANJ PAI SUB-,,9618217B59919799962574,PAK,ADM3
QUETTA CITY,,9618217B63682084587277,PAK,ADM3
QUETTA SADDAR,,9618217B20690386240745,PAK,ADM3
SHEERANI,,9618217B12512882766992,PAK,ADM3
KUT MANDAI,,9618217B12752349345390,PAK,ADM3
LEHRI,,9618217B18368882513354,PAK,ADM3
SANGAN,,9618217B85158688879478,PAK,ADM3
SIBI,,9618217B82477184644412,PAK,ADM3
BESIMA,,9618217B31193042816030,PAK,ADM3
MASHKHEL,,9618217B35884329739488,PAK,ADM3
NAG,,9618217B53771355824836,PAK,ADM3
SHAHDO GARHI SUB,,9618217B60673558266162,PAK,ADM3
WASHUK,,9618217B15164271077712,PAK,ADM3
ASHWAT SUB-,,9618217B84397370421850,PAK,ADM3
KASHATOO SUB-,,9618217B36759225643803,PAK,ADM3
QAMAR DIN KAREZ,,9618217B71582416911520,PAK,ADM3
SAMBAZA SUB,,9618217B6305227048180,PAK,ADM3
ZHOB,,9618217B4405082245846,PAK,ADM3
SINJAWI SUB,,9618217B69401786075997,PAK,ADM3
ZIARAT SUB DIVISION,,9618217B66698483777033,PAK,ADM3
DISPUTED TERRITORY,,9618217B38744518410745,PAK,ADM3
BAR CHAMARKAND,,9618217B38361138378149,PAK,ADM3
BARANG,,9618217B27103402875346,PAK,ADM3
KHAR,,9618217B31254576320005,PAK,ADM3
MAMUND,,9618217B90172425710539,PAK,ADM3
NAWAGAI,,9618217B6749340310851,PAK,ADM3
SALARZAI,,9618217B53890861075426,PAK,ADM3
UTMAN KHEL,,9618217B58376820156413,PAK,ADM3
FR BANNU,,9618217B87633366072343,PAK,ADM3
FR D.I.KHAN,,9618217B12477470393515,PAK,ADM3
FR KOHAT,,9618217B32901696142370,PAK,ADM3
FR LAKKI,,9618217B52659197715523,PAK,ADM3
FR PESHAWAR,,9618217B72269656705038,PAK,ADM3
FR TANK,,9618217B51909263256707,PAK,ADM3
BARA,,9618217B27388776429495,PAK,ADM3
JAMRUD,,9618217B97741945610446,PAK,ADM3
LANDI KOTAL,,9618217B35987854225863,PAK,ADM3
CENTRAL KURRAM,,9618217B69891825710142,PAK,ADM3
LOWER KURRAM,,9618217B46030390609191,PAK,ADM3
UPPER KURRAM,,9618217B79241141393082,PAK,ADM3
AMBAR UTMAN KHEL,,9618217B21414584218612,PAK,ADM3
HALIMZAI,,9618217B16065617100671,PAK,ADM3
PINDIALI,,9618217B45853598456335,PAK,ADM3
PRANG GHAR,,9618217B7430750340481,PAK,ADM3
SAFI,,9618217B32259055898287,PAK,ADM3
UPPER MOMAND,,9618217B63558675564153,PAK,ADM3
YAKA GHUND,,9618217B82493190371101,PAK,ADM3
DATA KHEL,,9618217B11986805554587,PAK,ADM3
DOSSALI,,9618217B46789655633865,PAK,ADM3
GARYUM,,9618217B50320195799158,PAK,ADM3
GHULAM KHAN,,9618217B55129572621582,PAK,ADM3
MIR ALI,,9618217B16260546865970,PAK,ADM3
MIRAN SHAH,,9618217B14052675855393,PAK,ADM3
RAZMAK,,9618217B43456602867297,PAK,ADM3
SHEWA,,9618217B60416920570962,PAK,ADM3
SPINWAM,,9618217B25033373041510,PAK,ADM3
CENTRAL ORAKZAI,,9618217B82128272858403,PAK,ADM3
ISMAILZAI,,9618217B45377904205919,PAK,ADM3
LOWER ORAKZAI,,9618217B73791785557213,PAK,ADM3
UPPER ORAKZAI,,9618217B17002531383252,PAK,ADM3
BIRMAL,,9618217B26139173506241,PAK,ADM3
LADHA,,9618217B16932570993763,PAK,ADM3
MAKIN,,9618217B3793228482505,PAK,ADM3
SARAOGHA,,9618217B61234163758742,PAK,ADM3
SERWEKAI,,9618217B82679427642430,PAK,ADM3
TIARZA,,9618217B34807773497614,PAK,ADM3
TOI KHULLA,,9618217B6011346458997,PAK,ADM3
WANA,,9618217B60532697515425,PAK,ADM3
ISLAMABAD,,9618217B77065930061668,PAK,ADM3
ASTORE,,9618217B70325037560475,PAK,ADM3
CHILAS,,9618217B41750222117386,PAK,ADM3
DAREL TANGIR,,9618217B87521623220935,PAK,ADM3
KHAPLU,,9618217B25754962135590,PAK,ADM3
MASHABRUM,,9618217B85218379767883,PAK,ADM3
GUPIS,,9618217B90015961408219,PAK,ADM3
ISHKOMEN,,9618217B15965056410830,PAK,ADM3
PUNIAL,,9618217B13486207754369,PAK,ADM3
YASIN,,9618217B38991384841424,PAK,ADM3
GILGIT,,9618217B24239170098361,PAK,ADM3
ALIABAD,,9618217B18607943062555,PAK,ADM3
GOJAL,,9618217B58972864826743,PAK,ADM3
NAGAR-I,,9618217B7415913583848,PAK,ADM3
NAGAR-II,,9618217B11035459557122,PAK,ADM3
GULTARI,,9618217B83227364220136,PAK,ADM3
KHARMANG,,9618217B70387484269248,PAK,ADM3
RONDU,,9618217B20972596228202,PAK,ADM3
SHIGAR,,9618217B26900800837648,PAK,ADM3
SKARDU,,9618217B88498185372954,PAK,ADM3
ABBOTTABAD,,9618217B58090762247590,PAK,ADM3
HAVELIAN,,9618217B10477128024963,PAK,ADM3
BANNU,,9618217B86252139157568,PAK,ADM3
DOMEL,,9618217B66102957616794,PAK,ADM3
ALAI,,9618217B82118214800407,PAK,ADM3
BATAGRAM,,9618217B42013741972359,PAK,ADM3
DAGGAR,,9618217B69506225279330,PAK,ADM3
GAGRA,,9618217B56430132914599,PAK,ADM3
KHADO KHEL,,9618217B53498554126513,PAK,ADM3
CHARSADDA,,9618217B75469142361220,PAK,ADM3
SHABQADAR,,9618217B19186468029110,PAK,ADM3
TANGI,,9618217B49069937374752,PAK,ADM3
CHITRAL,,9618217B14913426707390,PAK,ADM3
MASTUJ,,9618217B15142704211186,PAK,ADM3
D.I.KHAN,,9618217B8526825785603,PAK,ADM3
DARABAN,,9618217B74425880095030,PAK,ADM3
KULACHI,,9618217B58016841629421,PAK,ADM3
PAHARPUR,,9618217B57090337990309,PAK,ADM3
PAROA,,9618217B16017881368538,PAK,ADM3
HANGU,,9618217B72358395847423,PAK,ADM3
TALL,,9618217B83339690098586,PAK,ADM3
GHAZI,,9618217B18056507833425,PAK,ADM3
HARIPUR,,9618217B53516127317768,PAK,ADM3
BANDA DAUD SHAH,,9618217B86538766181056,PAK,ADM3
KARAK,,9618217B36434785765551,PAK,ADM3
TAKHT E NASRATI,,9618217B28657250175694,PAK,ADM3
KOHAT,,9618217B37478017823501,PAK,ADM3
LACHI,,9618217B45474288177233,PAK,ADM3
DASSU,,9618217B96945867102806,PAK,ADM3
KANDIA,,9618217B42691934354201,PAK,ADM3
PALAS,,9618217B98955281089867,PAK,ADM3
PATTAN,,9618217B74983796043949,PAK,ADM3
LAKKI MARWAT,,9618217B28791527725555,PAK,ADM3
NAURANG,,9618217B19630672602920,PAK,ADM3
ADENZAI,,9618217B4451792369461,PAK,ADM3
LALQILLA,,9618217B49164558096656,PAK,ADM3
MUNDA,,9618217B64606316264088,PAK,ADM3
SAMARBAGH(BARWA),,9618217B88301409575294,PAK,ADM3
TEMERGARA,,9618217B87730202746425,PAK,ADM3
SAM RANIZAI,,9618217B54248563822765,PAK,ADM3
SWAT RANIZAI,,9618217B91992316601631,PAK,ADM3
BALAKOT,,9618217B1796422743035,PAK,ADM3
MANSEHRA,,9618217B1764376648259,PAK,ADM3
OGHI,,9618217B99515953512230,PAK,ADM3
KATLANG,,9618217B26511611890245,PAK,ADM3
MARDAN,,9618217B99815948205781,PAK,ADM3
TAKHT BHAI,,9618217B56941601966296,PAK,ADM3
NOWSHERA,,9618217B14540535558764,PAK,ADM3
PABBI,,9618217B85805369832497,PAK,ADM3
ALPURI,,9618217B67800644266725,PAK,ADM3
BISHAM,,9618217B47007823281887,PAK,ADM3
CHIKSAR,,9618217B39481930993585,PAK,ADM3
MARTUNG,,9618217B75574497464279,PAK,ADM3
PURAN,,9618217B85285460066544,PAK,ADM3
LAHOR,,9618217B21660428778225,PAK,ADM3
RAZAR,,9618217B51199303566894,PAK,ADM3
SWABI,,9618217B86482218713484,PAK,ADM3
TOPI,,9618217B62060167615722,PAK,ADM3
BABUZAI,,9618217B96227356091196,PAK,ADM3
BAHRAIN,,9618217B66331326355874,PAK,ADM3
BARIKOT,,9618217B68002200879702,PAK,ADM3
CHARBAGH,,9618217B24557098667068,PAK,ADM3
KABAL,,9618217B36757297695869,PAK,ADM3
KHAWAZA KHELA,,9618217B23020330942802,PAK,ADM3
MATTA,,9618217B40124352215218,PAK,ADM3
TANK,,9618217B89518197918808,PAK,ADM3
TORGHER,,9618217B27486600301498,PAK,ADM3
DIR,,9618217B75611380767926,PAK,ADM3
SHARINGAL,,9618217B41054895723693,PAK,ADM3
WARI,,9618217B67850657595713,PAK,ADM3
ATTOCK,,9618217B50149376018014,PAK,ADM3
FATEH JANG,,9618217B26191403236071,PAK,ADM3
HASSANABDAL,,9618217B7124878941911,PAK,ADM3
HAZRO,,9618217B87894448087129,PAK,ADM3
JAND,,9618217B26860553208965,PAK,ADM3
PINDI GHEB,,9618217B75704590266710,PAK,ADM3
BAHAWALNAGAR,,9618217B66715726514164,PAK,ADM3
CHISHTIAN,,9618217B28318758204703,PAK,ADM3
FORT ABBAS,,9618217B32335001423443,PAK,ADM3
HAROONABAD,,9618217B64963445448677,PAK,ADM3
MINCHINABAD,,9618217B99235874147506,PAK,ADM3
AHMADPUR EAST,,9618217B72387286824542,PAK,ADM3
BAHAWALPUR,,9618217B62144943216166,PAK,ADM3
BAHAWALPUR CITY,,9618217B65956213169788,PAK,ADM3
HASILPUR,,9618217B38710441468568,PAK,ADM3
KHAIRPUR TAMEWALI,,9618217B97721699112019,PAK,ADM3
YAZMAN,,9618217B66821366213948,PAK,ADM3
BHAKKAR,,9618217B37121610639704,PAK,ADM3
DARYA KHAN,,9618217B62767421306838,PAK,ADM3
KALUR KOT,,9618217B20876188191816,PAK,ADM3
MANKERA,,9618217B35028785472961,PAK,ADM3
CHAKWAL,,9618217B61688476906431,PAK,ADM3
CHOA SAIDAN SHAH,,9618217B34165652086565,PAK,ADM3
KALLAR KAHAR,,9618217B86534483810344,PAK,ADM3
TALA GANG,,9618217B62547254689686,PAK,ADM3
BHAWANA,,9618217B38138021064938,PAK,ADM3
CHINIOT,,9618217B24634136652115,PAK,ADM3
LALIAN,,9618217B62286570878948,PAK,ADM3
DE-EXCLUDED AREA D.G.KHAN,,9618217B85950255786241,PAK,ADM3
DERA GHAZI KHAN,,9618217B12999720718980,PAK,ADM3
TAUNSA,,9618217B56078178956611,PAK,ADM3
CHAK JHUMRA,,9618217B96433352493749,PAK,ADM3
FAISALABAD CITY,,9618217B49237159452791,PAK,ADM3
FAISALABAD SADDAR,,9618217B20006160177590,PAK,ADM3
JARANWALA,,9618217B34983463675633,PAK,ADM3
SAMUNDARI,,9618217B59102898761017,PAK,ADM3
TANDLIANWALA,,9618217B47443696449960,PAK,ADM3
GUJRANWALA,,9618217B3934260130404,PAK,ADM3
GUJRANWALA CITY,,9618217B99363720613400,PAK,ADM3
KAMOKE,,9618217B79627750692708,PAK,ADM3
NOWSHERA VIRKHAN,,9618217B8960364895621,PAK,ADM3
WAZIRABAD,,9618217B81659950936026,PAK,ADM3
GUJRAT,,9618217B61923659220021,PAK,ADM3
KHARIAN,,9618217B29572971440693,PAK,ADM3
SARAI ALAMGIR,,9618217B44942663525229,PAK,ADM3
HAFIZABAD,,9618217B14601730863516,PAK,ADM3
PINDI BHATTIAN,,9618217B88762426965199,PAK,ADM3
18-HAZARI,,9618217B97650349828759,PAK,ADM3
AHMEDPUR SIAL,,9618217B8917693813131,PAK,ADM3
JHANG,,9618217B12490857325853,PAK,ADM3
SHORKOT,,9618217B73902443176892,PAK,ADM3
DINA,,9618217B61242270997195,PAK,ADM3
JHELUM,,9618217B22857768344293,PAK,ADM3
PIND DADAN KHAN,,9618217B13521614852985,PAK,ADM3
SOHAWA,,9618217B97272924784682,PAK,ADM3
CHUNIAN,,9618217B67240081969707,PAK,ADM3
KASUR,,9618217B57329099303802,PAK,ADM3
KOT RADHA KISHAN,,9618217B52082409863754,PAK,ADM3
PATTOKI,,9618217B53639078484691,PAK,ADM3
JAHANIAN,,9618217B47428091720855,PAK,ADM3
KABIRWALA,,9618217B44181858694402,PAK,ADM3
KHANEWAL,,9618217B13227622316788,PAK,ADM3
KHUSHAB,,9618217B34004324628587,PAK,ADM3
NOORPUR,,9618217B85617072134869,PAK,ADM3
QAIDABAD,,9618217B29615375410228,PAK,ADM3
LAHORE CANTT,,9618217B49075471599752,PAK,ADM3
LAHORE CITY,,9618217B65699035418342,PAK,ADM3
CHAUBARA,,9618217B97282778757668,PAK,ADM3
KAROR LAL ESAN,,9618217B25737601938543,PAK,ADM3
LAYYAH,,9618217B94010131906460,PAK,ADM3
DUNYA PUR,,9618217B46434483477845,PAK,ADM3
KARORPACCA,,9618217B76392119464219,PAK,ADM3
LODHRAN,,9618217B75337823866281,PAK,ADM3
MALAKWAL,,9618217B9300245059383,PAK,ADM3
MANDI BAHAUDDIN,,9618217B95869385333709,PAK,ADM3
PHALIA,,9618217B39885459266624,PAK,ADM3
ISAKHEL,,9618217B2809625814941,PAK,ADM3
MIANWALI,,9618217B65266278076043,PAK,ADM3
PIPLAN,,9618217B68184335330032,PAK,ADM3
JALALPUR PIRWALA,,9618217B31922989657242,PAK,ADM3
MULTAN CITY,,9618217B19745651984550,PAK,ADM3
MULTAN SADDAR,,9618217B64443475206823,PAK,ADM3
SHUJABAD,,9618217B57733979700194,PAK,ADM3
ALIPUR,,9618217B236770974659,PAK,ADM3
JATOI,,9618217B43446493864836,PAK,ADM3
KOT ADDU,,9618217B46714791587847,PAK,ADM3
MUZAFFARGARH,,9618217B91139491095405,PAK,ADM3
NANKANA SAHAB,,9618217B3385172362302,PAK,ADM3
SAFDARABAD,,9618217B66038883173745,PAK,ADM3
SHAH KOT,,9618217B41899806031215,PAK,ADM3
SHANGLA HILL,,9618217B78084704916934,PAK,ADM3
NAROWAL,,9618217B85928513118667,PAK,ADM3
SHAKARGARH,,9618217B39920522607459,PAK,ADM3
ZAFARWAL,,9618217B81306509319870,PAK,ADM3
DEPALPUR,,9618217B85402434096341,PAK,ADM3
OKARA,,9618217B98814917393050,PAK,ADM3
RENALA KHURD,,9618217B92677290558981,PAK,ADM3
ARIFWALA,,9618217B11984200016747,PAK,ADM3
PAK PATTAN,,9618217B61411084403748,PAK,ADM3
KHAN PUR,,9618217B15784467436654,PAK,ADM3
LIAQAT PUR,,9618217B37482241380967,PAK,ADM3
RAHIM YAR KHAN,,9618217B89186195387307,PAK,ADM3
SADIQABAD,,9618217B8498662451827,PAK,ADM3
DE-EXCLUDED AREA RAJANPUR,,9618217B9124043146420,PAK,ADM3
JAMPUR,,9618217B75708704472060,PAK,ADM3
RAJANPUR,,9618217B96724689949262,PAK,ADM3
ROJHAN,,9618217B59000817640305,PAK,ADM3
GUJAR KHAN,,9618217B58788233354660,PAK,ADM3
KAHUTA,,9618217B27271024996955,PAK,ADM3
KALLAR SAYYEDAN,,9618217B54589023039311,PAK,ADM3
KOTLI SATTIAN,,9618217B3680329268285,PAK,ADM3
MURREE,,9618217B83104421984489,PAK,ADM3
RAWALPINDI,,9618217B34841225665801,PAK,ADM3
TAXILA,,9618217B28592687647846,PAK,ADM3
CHICHAWATNI,,9618217B28010935462292,PAK,ADM3
SAHIWAL,,9618217B88637585074135,PAK,ADM3
BHALWAL,,9618217B60331399748679,PAK,ADM3
KOT MOMIN,,9618217B54913600718425,PAK,ADM3
SAHIWAL,,9618217B37395969304858,PAK,ADM3
SARGODHA,,9618217B25240134101987,PAK,ADM3
SHAHPUR,,9618217B47532492281594,PAK,ADM3
SILLANWALI,,9618217B39999757497454,PAK,ADM3
FEROZEWALA,,9618217B78613038993344,PAK,ADM3
MURIDKE,,9618217B25351305355541,PAK,ADM3
SHARAK PUR,,9618217B71742610929001,PAK,ADM3
SHEIKHUPURA,,9618217B80377872224855,PAK,ADM3
DASKA,,9618217B49647722436552,PAK,ADM3
PASRUR,,9618217B59820493505708,PAK,ADM3
SAMBRIAL,,9618217B70438886719057,PAK,ADM3
SIALKOT,,9618217B70755531760277,PAK,ADM3
GOJRA,,9618217B50459917366598,PAK,ADM3
TOBA TEK SINGH,,9618217B75645786673360,PAK,ADM3
BUREWALA,,9618217B87041756430963,PAK,ADM3
MAILSI,,9618217B95257720392722,PAK,ADM3
VEHARI,,9618217B94265180885968,PAK,ADM3
Badin,,9618217B42438762041425,PAK,ADM3
Matli,,9618217B51119306822374,PAK,ADM3
Shaheed Fazal Rahu,,9618217B25857994222098,PAK,ADM3
Talhar,,9618217B40875149607138,PAK,ADM3
Tando Bago,,9618217B60721372567355,PAK,ADM3
DADU,,9618217B7115873754530,PAK,ADM3
JOHI,,9618217B70790113171892,PAK,ADM3
KHAIRPUR NATHAN SHAH,,9618217B45890743743061,PAK,ADM3
MEHAR,,9618217B39967878013350,PAK,ADM3
DAHARKI,,9618217B21460846200179,PAK,ADM3
GHOTKI,,9618217B1460109099825,PAK,ADM3
KHANGARH,,9618217B63149022343759,PAK,ADM3
MIRPUR MATHELO,,9618217B36535563293418,PAK,ADM3
UBAURO,,9618217B13430994189110,PAK,ADM3
HYDERABAD,,9618217B53021961386210,PAK,ADM3
LATIFABAD,,9618217B85288636963898,PAK,ADM3
QASIMABAD,,9618217B89933783783343,PAK,ADM3
GARHI KHAIRO,,9618217B19185229055328,PAK,ADM3
JACOBABAD,,9618217B94384438441971,PAK,ADM3
THUL,,9618217B45730721811496,PAK,ADM3
KOTRI,,9618217B87538747541891,PAK,ADM3
MANJAND,,9618217B57194515605983,PAK,ADM3
SEHWAN,,9618217B91266058223820,PAK,ADM3
THANO BULA KHAN,,9618217B45415360281153,PAK,ADM3
KANDHKOT,,9618217B15678878518625,PAK,ADM3
KASHMORE,,9618217B20201553846238,PAK,ADM3
TANGWANI,,9618217B6098151019348,PAK,ADM3
FAIZ GANJ,,9618217B41613201463126,PAK,ADM3
GAMBAT,,9618217B55753153064418,PAK,ADM3
KHAIRPUR,,9618217B61566753463089,PAK,ADM3
KINGRI,,9618217B63818850525327,PAK,ADM3
KOT DIJI,,9618217B94972393484147,PAK,ADM3
MIRWAH,,9618217B14625320962806,PAK,ADM3
NARA,,9618217B45979968015680,PAK,ADM3
SOBHO DERO,,9618217B20409854578986,PAK,ADM3
BAKRANI TALUKS,,9618217B93929930107410,PAK,ADM3
DOKRI,,9618217B45151576893474,PAK,ADM3
LARKANA,,9618217B49297858238659,PAK,ADM3
RATODERO,,9618217B19893044532303,PAK,ADM3
HALA,,9618217B17233619866679,PAK,ADM3
MATIARI,,9618217B46709671156622,PAK,ADM3
SAEEDABAD,,9618217B1054056292153,PAK,ADM3
DIGRI,,9618217B41760593982752,PAK,ADM3
HUSSAIN BUX MARI,,9618217B93086233155793,PAK,ADM3
JHUDO,,9618217B31440526169514,PAK,ADM3
KOT GHULAM MUHAMMAD,,9618217B35389385843798,PAK,ADM3
MIRPURKHAS,,9618217B77511770733400,PAK,ADM3
SINDHRI,,9618217B29212550094263,PAK,ADM3
BHIRIA,,9618217B62868670592132,PAK,ADM3
KANDIARO,,9618217B6102619181419,PAK,ADM3
MEHRABPUR,,9618217B49652450587085,PAK,ADM3
MORO,,9618217B49576506361166,PAK,ADM3
NAUSHAHRO FEROZE,,9618217B86325725755711,PAK,ADM3
JAM NAWAZ ALI,,9618217B28490473893674,PAK,ADM3
KHIPRO,,9618217B44887302893578,PAK,ADM3
SANGHAR,,9618217B60302584409093,PAK,ADM3
SHAHDADPUR,,9618217B55526375185371,PAK,ADM3
SINJHORO,,9618217B1648155290969,PAK,ADM3
TANDO ADAM,,9618217B2465642186397,PAK,ADM3
KAMBAR ALI KHAN,,9618217B51536377015215,PAK,ADM3
MIRO KHAN,,9618217B27710866346662,PAK,ADM3
NASIRABAD,,9618217B23821866860121,PAK,ADM3
QUBO SAEED KHAN,,9618217B39832154978161,PAK,ADM3
SHAHDAD KOT,,9618217B53525514114395,PAK,ADM3
SIJAWAL JUNEJO,,9618217B35051011521012,PAK,ADM3
WARAH,,9618217B29537584943692,PAK,ADM3
DAUR,,9618217B68332779082048,PAK,ADM3
KAZI AHMED,,9618217B90267247326285,PAK,ADM3
NAWABSHAH,,9618217B40348494401559,PAK,ADM3
SAKRAND,,9618217B26544840461255,PAK,ADM3
GARHI YASIN,,9618217B98376452500740,PAK,ADM3
KHANPUR,,9618217B94411658070571,PAK,ADM3
LAKHI,,9618217B46900508177300,PAK,ADM3
SHIKARPUR,,9618217B27757142897460,PAK,ADM3
NEW SUKKUR,,9618217B94319031866634,PAK,ADM3
PANO AQIL,,9618217B49534384212530,PAK,ADM3
ROHRI,,9618217B29131954662033,PAK,ADM3
SALEHPAT,,9618217B63859663087686,PAK,ADM3
SUKKUR,,9618217B93488749817642,PAK,ADM3
CHAMBER,,9618217B78978409820002,PAK,ADM3
JHANDO MARI,,9618217B49137359500551,PAK,ADM3
TANDO ALLAH YAR,,9618217B32422016451775,PAK,ADM3
BULRI SHAH KARIM,,9618217B55492999245243,PAK,ADM3
TANDO GULAM HYDER,,9618217B32325848684143,PAK,ADM3
TANDO MUHAMMAD KHAN,,9618217B84304552690327,PAK,ADM3
CHACHRO,,9618217B62475271488005,PAK,ADM3
DIPLO,,9618217B1653844923858,PAK,ADM3
MITHI,,9618217B71775069847333,PAK,ADM3
NAGAR PARKAR,,9618217B33625885361704,PAK,ADM3
GHORABARI,,9618217B59607324578491,PAK,ADM3
JATI,,9618217B32691002366666,PAK,ADM3
KETI BUNDER,,9618217B45821827970586,PAK,ADM3
KHARO CHAN,,9618217B62953404341439,PAK,ADM3
MIRPUR BATHORO,,9618217B32309047499961,PAK,ADM3
MIRPUR SAKRO,,9618217B56949362000104,PAK,ADM3
SHAH BUNDER,,9618217B34108592330182,PAK,ADM3
SUJAWAL,,9618217B63801206412538,PAK,ADM3
THATTA,,9618217B1372842276225,PAK,ADM3
KUNRI,,9618217B8905165567728,PAK,ADM3
PITHORO,,9618217B67314083220757,PAK,ADM3
SAMARO,,9618217B7598168398580,PAK,ADM3
UMER KOT,,9618217B80289626540526,PAK,ADM3
Peshawar I,,9618217B32153440891541,PAK,ADM3
Peshawar II,,9618217B43929929180637,PAK,ADM3
Peshawar III,,9618217B47765758459312,PAK,ADM3
Peshawar IV,,9618217B71604704168129,PAK,ADM3
Peshawar Cantonment,,9618217B11440538053000,PAK,ADM3
GADAP TOWN,,9618217B74562422953001,PAK,ADM3
BIN QASIM TOWN,,9618217B81288119698045,PAK,ADM3
LYARI TOWN,,9618217B81972657940854,PAK,ADM3
SITE TOWN,,9618217B27836216786447,PAK,ADM3
GULBERG TOWN,,9618217B49298824887871,PAK,ADM3
N.NAZIMABAD TOWN,,9618217B68715976569755,PAK,ADM3
ORANGI TOWN,,9618217B18146394864332,PAK,ADM3
BALDIA TOWN,,9618217B71654380557394,PAK,ADM3
MALIR CANTONMENT,,9618217B3059727908268,PAK,ADM3
MALIR,,9618217B33191916593922,PAK,ADM3
FAISAL CANTONMENT,,9618217B41060752255967,PAK,ADM3
SHAH FAISAL TOWN,,9618217B23633640265691,PAK,ADM3
SADDAR TOWN,,9618217B49959130600238,PAK,ADM3
KIAMARI TOWN,,9618217B80577698749666,PAK,ADM3
CLIFTON CANTONMENT,,9618217B15353511562764,PAK,ADM3
KORANGI CREEK CANTONMENT,,9618217B10928152590242,PAK,ADM3
KORANGI TOWN,,9618217B4743832450258,PAK,ADM3
LANDHI TOWN,,9618217B32801209797118,PAK,ADM3
LIAQATABAD TOWN,,9618217B32835633358061,PAK,ADM3
JAMSHED TOWN,,9618217B68188288692229,PAK,ADM3
GULSHAN E IQBAL TOWN,,9618217B80151254256120,PAK,ADM3
KARACHI CANTONMENT,,9618217B85691850097760,PAK,ADM3
MANORA CANTONMENT,,9618217B84997176527728,PAK,ADM3
NEW KARACHI TOWN,,9618217B94506415006873,PAK,ADM3
KAMALIA,,9618217B66803850841385,PAK,ADM3
MIAN CHANNU,,9618217B9822491870028,PAK,ADM3
